id;gender;masterCategory;subCategory;articleType;baseColour;season;year;usage;productDisplayName
39988;Men;Footwear;Shoes;Casual Shoes;White;Winter;2014;Casual;Gas Men Europa White Shoes
4140;Women;Footwear;Shoes;Casual Shoes;Green;Winter;2015;Casual;Skechers Women Green Shoe
39943;Men;Footwear;Shoes;Casual Shoes;Brown;Summer;2013;Casual;GAS Men Brown Count Casual Shoes
50741;Men;Footwear;Shoes;Casual Shoes;Black;Winter;2018;Casual;Red Chief Men Black Shoes
39944;Men;Footwear;Shoes;Casual Shoes;Grey;Summer;2013;Casual;GAS Men Grey Namib Shoes
12507;Men;Footwear;Shoes;Casual Shoes;Black;Winter;2018;Casual;Red Tape Men Casual Black Casual Shoes
7364;Men;Footwear;Shoes;Casual Shoes;Brown;Winter;2018;Casual;Red Tape Men's Brown casual Shoe
39972;Men;Footwear;Shoes;Casual Shoes;Grey;Summer;2013;Casual;GAS Men Grey Campus Casual Shoes
17043;Men;Footwear;Shoes;Casual Shoes;Black;Summer;2013;Casual;Gas Men Skate 003 Casual Shoe
32552;Men;Footwear;Shoes;Casual Shoes;Black;Summer;2013;Casual;Playboy Men Black Shoes
39986;Men;Footwear;Shoes;Casual Shoes;Navy Blue;Summer;2013;Casual;Gas Men Mila Navy Blue Shoes
12509;Men;Footwear;Shoes;Casual Shoes;Brown;Winter;2018;Casual;Red Tape Men Casual Brown Casual Shoes
18665;Men;Footwear;Shoes;Casual Shoes;White;Summer;2013;Casual;Fila Men Syncro White Shoes
50748;Men;Footwear;Shoes;Casual Shoes;Brown;Winter;2018;Casual;Red Chief Men Brown Shoes
11976;Men;Footwear;Shoes;Casual Shoes;Black;Summer;2013;Casual;Fila Men Paramount Plus Black Shoes
13080;Men;Footwear;Shoes;Casual Shoes;Black;Summer;2013;Casual;Numero Uno Men Black Casual Shoes
32555;Men;Footwear;Shoes;Casual Shoes;White;Summer;2013;Casual;Playboy Men White Shoes
39981;Men;Footwear;Shoes;Casual Shoes;Grey;Summer;2013;Casual;Gas Men Jack Grey Shoes
26531;Men;Footwear;Shoes;Casual Shoes;Olive;Summer;2013;Casual;Gas Men Arunta Olive Casual Shoes
10295;Men;Footwear;Shoes;Casual Shoes;Brown;Summer;2016;Casual;Clarks Men Brown Leather Casual Shoes
39975;Men;Footwear;Shoes;Casual Shoes;Olive;Winter;2014;Casual;Gas Men Olive Swansea Shoes
22501;Women;Footwear;Shoes;Casual Shoes;Beige;Winter;2015;Casual;Catwalk Women Beige Casual Shoes
3551;Men;Footwear;Shoes;Casual Shoes;Brown;Winter;2015;Casual;Skechers Men's Charcoal Lifestyle Shoe
3797;Men;Footwear;Shoes;Casual Shoes;Black;Spring;2014;Casual;Converse Men Black & Red Shoes
5699;Men;Footwear;Shoes;Casual Shoes;Black;Winter;2015;Casual;Skechers Men's Striking Black Shoe
39310;Men;Footwear;Shoes;Casual Shoes;Khaki;Winter;2018;Casual;Red Chief Men Khaki Casual Shoes
3790;Men;Footwear;Shoes;Casual Shoes;Black;Summer;2014;Casual;Converse Men's AS Canvas HI Black Shoe
3556;Men;Footwear;Shoes;Casual Shoes;Brown;Winter;2015;Casual;Skechers Men Dark Brown Lifestyle Shoe
17683;Women;Footwear;Shoes;Casual Shoes;Black;Winter;2015;Casual;Catwalk Women Ballerina Black Casual Shoe
3560;Men;Footwear;Shoes;Casual Shoes;White;Winter;2015;Casual;Skechers Men Off White Lifestyle Casual Shoe
5697;Men;Footwear;Shoes;Casual Shoes;Black;Winter;2015;Casual;Skechers Men Black Casual Shoes
30258;Men;Footwear;Shoes;Casual Shoes;Brown;Winter;2018;Casual;Red Tape Men Brown Shoes
53732;Women;Footwear;Shoes;Casual Shoes;Green;Winter;2014;Casual;Puma Women Green Supersuede Eco Casual Shoes
5690;Men;Footwear;Shoes;Casual Shoes;Black;Winter;2015;Casual;Skechers Men Valence Envoy Black Shoe
17684;Women;Footwear;Shoes;Casual Shoes;Grey;Winter;2015;Casual;Catwalk Women Ballerina Grey Casual Shoe
3593;Unisex;Footwear;Shoes;Casual Shoes;Black;Summer;2014;Casual;Converse Unisex Black Casual Shoes
3558;Men;Footwear;Shoes;Casual Shoes;Brown;Winter;2015;Casual;Skechers Men's Brown Casual Lifestyle Shoe
46825;Women;Footwear;Shoes;Casual Shoes;Off White;Winter;2015;Casual;Catwalk Women Off-White and Blue Pumps
50749;Men;Footwear;Shoes;Casual Shoes;Brown;Winter;2018;Casual;Red Chief Men Brown Shoes
12508;Men;Footwear;Shoes;Casual Shoes;Brown;Winter;2018;Casual;Red Tape Men Casual Brown Casual Shoes
22500;Women;Footwear;Shoes;Casual Shoes;Blue;Winter;2015;Casual;Catwalk Women Blue Casual Shoes
13075;Men;Footwear;Shoes;Casual Shoes;Black;Summer;2013;Casual;Numero Uno Men Black Shoes
39974;Men;Footwear;Shoes;Casual Shoes;Brown;Winter;2014;Casual;Gas Men Brown Lear Shoes
7396;Men;Footwear;Shoes;Casual Shoes;Grey;Winter;2018;Casual;Red Tape Men Grey Casual Shoes
39980;Men;Footwear;Shoes;Casual Shoes;Brown;Summer;2013;Casual;Gas Men Flint Brown Shoes
32554;Men;Footwear;Shoes;Casual Shoes;Black;Summer;2013;Casual;Playboy Men Black Shoes
21715;Women;Footwear;Shoes;Casual Shoes;Blue;Winter;2015;Casual;Catwalk Women Blue Casual Shoes
26530;Men;Footwear;Shoes;Casual Shoes;Purple;Spring;2013;Casual;Gas Men Aishley Greyish Purple Casual Shoes
26537;Men;Footwear;Shoes;Casual Shoes;Blue;Winter;2015;Casual;ID Men Blue Shoes
39987;Men;Footwear;Shoes;Casual Shoes;Blue;Spring;2013;Casual;Gas Men Europa Blue Shoes
32553;Men;Footwear;Shoes;Casual Shoes;Brown;Summer;2013;Casual;Playboy Men Brown Shoes
39973;Men;Footwear;Shoes;Casual Shoes;Brown;Winter;2014;Casual;Gas Men Brown Lear Shoes
7365;Men;Footwear;Shoes;Casual Shoes;Black;Winter;2018;Casual;Red Tape Men's Black Casual Shoe
50778;Men;Footwear;Shoes;Casual Shoes;Navy Blue;Spring;2013;Casual;Clarks Men Navy Leather Sneakers
12506;Men;Footwear;Shoes;Casual Shoes;Brown;Winter;2018;Casual;Red Tape Men Brown Shoes
50747;Men;Footwear;Shoes;Casual Shoes;Mushroom Brown;Winter;2018;Casual;Red Chief Men Mushroom Brown Shoes
39945;Men;Footwear;Shoes;Casual Shoes;Brown;Spring;2013;Casual;GAS Men Brown Namib Shoes
20868;Men;Footwear;Shoes;Casual Shoes;White;Summer;2013;Casual;Fila Men Stradd White Casual Shoes
39989;Men;Footwear;Shoes;Casual Shoes;Blue;Summer;2013;Casual;Gas Men Skate Blue Shoes
22536;Men;Footwear;Shoes;Casual Shoes;Green;Spring;2013;Casual;Gas Men Skate Green Casual Shoes
39942;Men;Footwear;Shoes;Casual Shoes;Navy Blue;Summer;2013;Casual;Gas Men Navy Blue Shoes
24251;Men;Footwear;Shoes;Casual Shoes;Black;Summer;2013;Casual;Numero Uno Men Black Casual Shoes
3592;Men;Footwear;Shoes;Casual Shoes;Blue;Summer;2013;Casual;Converse Men's All Star Canvas Ox Navy Blue Shoe
5691;Men;Footwear;Shoes;Casual Shoes;White;Winter;2015;Casual;Skechers Men's Regions Off White Shoe
3559;Men;Footwear;Shoes;Casual Shoes;Brown;Winter;2015;Casual;Skechers Men's Casual Brown Lifestyle Shoe
3561;Men;Footwear;Shoes;Casual Shoes;Black;Winter;2015;Casual;Skechers Men's Zeta Black Lifestyle Casual Shoe
5696;Men;Footwear;Shoes;Casual Shoes;Brown;Winter;2015;Casual;Skechers Men Genesis Brown Shoe
56410;Men;Footwear;Shoes;Casual Shoes;Brown;Summer;2013;Casual;GAS Men Brown Casual Shoes
17682;Women;Footwear;Shoes;Casual Shoes;Blue;Winter;2015;Casual;Catwalk Women Closed Blue Casual Shoe
30259;Men;Footwear;Shoes;Casual Shoes;Navy Blue;Winter;2018;Casual;Red Tape Men Navy Blue Shoes
41834;Men;Footwear;Shoes;Casual Shoes;Black;Spring;2013;Casual;Skechers Men Black Shoes
3798;Men;Footwear;Shoes;Casual Shoes;Navy Blue;Spring;2013;Casual;Converse Men's As Canvas Ox Navy Blue Shoe
3557;Men;Footwear;Shoes;Casual Shoes;Black;Winter;2015;Casual;Skechers Men Black Lifestyle Casual Shoes
49608;Women;Footwear;Shoes;Casual Shoes;Red;Winter;2015;Casual;Catwalk Women Red Shoes
3550;Men;Footwear;Shoes;Casual Shoes;Brown;Winter;2015;Casual;Skechers Men's Brown Lifestyle Shoe
30257;Men;Footwear;Shoes;Casual Shoes;Grey;Winter;2018;Casual;Red Tape Men Grey Shoes
5698;Men;Footwear;Shoes;Casual Shoes;Brown;Winter;2015;Casual;Skechers Men's Liquid Roggers Brown Shoe
47248;Men;Footwear;Shoes;Casual Shoes;Orange;Summer;2013;Casual;Playboy Men Orange Casual Shoes
2399;Men;Footwear;Shoes;Casual Shoes;Black;Winter;2018;Casual;Red Tape Black Men's Semi Casual Shoe
20715;Men;Footwear;Shoes;Casual Shoes;Black;Winter;2018;Smart Casual;Red Tape Men Black Leather Casual Shoes
28316;Men;Footwear;Shoes;Casual Shoes;Black;Winter;2018;Casual;Red Tape Men Black Shoes
15892;Girls;Footwear;Shoes;Casual Shoes;Blue;Spring;2013;Casual;Warner Bros Tweety Girls Blue and White Casual Shoes
15866;Unisex;Footwear;Shoes;Casual Shoes;Brown;Spring;2013;Casual;Warner Bros Kids Unisex SD Silly Shoe Brown Casual Shoes
39290;Men;Footwear;Shoes;Casual Shoes;Brown;Winter;2018;Casual;Red Chief Men Brown Shoes
35462;Men;Footwear;Shoes;Casual Shoes;Brown;Summer;2013;Casual;Franco Leone Men Brown Shoes
59944;Men;Footwear;Shoes;Casual Shoes;Cream;Spring;2013;Casual;Vans Men Black & Cream Casual Shoes
18548;Women;Footwear;Shoes;Casual Shoes;Beige;Winter;2015;Casual;Catwalk Women  Beige Casual Shoes
39252;Men;Footwear;Shoes;Casual Shoes;Beige;Winter;2018;Casual;Red Chief Men Beige Shoes
35659;Men;Footwear;Shoes;Casual Shoes;Brown;Winter;2014;Casual;U.S. Polo Assn. Men Brown Shoes
44437;Men;Footwear;Shoes;Casual Shoes;Brown;Summer;2013;Casual;Gliders Men Brown Shoes
2397;Men;Footwear;Shoes;Casual Shoes;Brown;Winter;2018;Casual;Red Tape Men's Brown Casual Shoe
55783;Men;Footwear;Shoes;Casual Shoes;Brown;Fall;2013;Casual;Converse Men Brown Casual Shoes
47246;Men;Footwear;Shoes;Casual Shoes;Green;Summer;2013;Casual;Playboy Men Green Casual Shoes
55784;Men;Footwear;Shoes;Casual Shoes;Black;Spring;2014;Casual;Converse Men Black Casual Shoes
47241;Men;Footwear;Shoes;Casual Shoes;Blue;Summer;2013;Casual;Playboy Men Blue  Casual Shoes
2390;Men;Footwear;Shoes;Casual Shoes;Black;Winter;2018;Casual;Red Tape Men's Semi Black Casual Shoe
36480;Men;Footwear;Shoes;Casual Shoes;Brown;Spring;2013;Casual;Spinn Men Benzeen Brown Shoes
1727;Unisex;Footwear;Shoes;Casual Shoes;Black;Winter;2015;Casual;Newfeel Unisex Black Lightweight Shoes
22848;Men;Footwear;Shoes;Casual Shoes;Khaki;Summer;2016;Casual;Woodland Men Khaki Casual Shoes
28318;Men;Footwear;Shoes;Casual Shoes;Brown;Winter;2018;Casual;Red Tape Men Brown Shoes
11833;Men;Footwear;Shoes;Casual Shoes;Green;Summer;2013;Casual;Playboy Men Casual Green Casual Shoes
22823;Men;Footwear;Shoes;Casual Shoes;Khaki;Summer;2016;Casual;Woodland Men Khaki Casual Shoes
33531;Women;Footwear;Shoes;Casual Shoes;Black;Summer;2016;Casual;Cobblerz Women Black Loafers
47682;Men;Footwear;Shoes;Casual Shoes;Black;Spring;2013;Casual;Carlton London Men Black Leather Casual Shoes
40453;Men;Footwear;Shoes;Casual Shoes;Black;Winter;2018;Casual;Red Tape Men Black Shoes
11834;Men;Footwear;Shoes;Casual Shoes;Grey;Summer;2013;Casual;Playboy Men Casual Grey Casual Shoes
22824;Men;Footwear;Shoes;Casual Shoes;Brown;Summer;2016;Casual;Woodland Men Brown Casual Shoes
38775;Men;Footwear;Shoes;Casual Shoes;Black;Winter;2016;Casual;Woodland Men Black Shoes
38781;Men;Footwear;Shoes;Casual Shoes;Olive;Summer;2016;Casual;Woodland Men Olive Shoes
39254;Men;Footwear;Shoes;Casual Shoes;Brown;Winter;2018;Casual;Red Chief Men Brown Casual Shoes
55785;Men;Footwear;Shoes;Casual Shoes;Navy Blue;Spring;2014;Casual;Converse Men Navy Casual Shoes
39253;Men;Footwear;Shoes;Casual Shoes;Rust;Winter;2018;Casual;Red Chief Men Rust Casual  Shoes
2396;Men;Footwear;Shoes;Casual Shoes;Black;Winter;2018;Casual;Red Tape Black Men Casual Shoe
47247;Men;Footwear;Shoes;Casual Shoes;Blue;Summer;2013;Casual;Playboy Men Blue Canvas Shoes
44436;Men;Footwear;Shoes;Casual Shoes;Grey;Summer;2013;Casual;Gliders Men Grey Shoes
39291;Men;Footwear;Shoes;Casual Shoes;Khaki;Winter;2018;Casual;Red Chief Men Khaki Shoes
22847;Men;Footwear;Shoes;Casual Shoes;Brown;Summer;2016;Casual;Woodland Men Camel Casual Shoes
59945;Men;Footwear;Shoes;Casual Shoes;Blue;Summer;2015;Casual;Vans Men Blue Casual Shoes
20713;Men;Footwear;Shoes;Casual Shoes;Black;Winter;2018;Casual;Redtape Men Margate Black Casual Shoe
36444;Men;Footwear;Shoes;Casual Shoes;White;Spring;2013;Casual;Spinn Men Gen X White Shoes
5343;Women;Footwear;Shoes;Casual Shoes;Blue;Winter;2015;Casual;Skechers Women Blue Teal Shoe
15860;Unisex;Footwear;Shoes;Casual Shoes;Navy Blue;Spring;2013;Casual;Warner Bros Kids Unisex SD Fire Canvas Navy Blue Casual Shoes
2398;Men;Footwear;Shoes;Casual Shoes;Black;Winter;2018;Casual;Red Tape Men's Semi Black Casual Shoe
34542;Men;Footwear;Shoes;Casual Shoes;Beige;Winter;2018;Casual;Red Tape Men Beige Shoes
24186;Men;Footwear;Shoes;Casual Shoes;Black;Summer;2014;Casual;Converse Men Black & Maroon Oxford Casual Shoes
36443;Men;Footwear;Shoes;Casual Shoes;White;Spring;2013;Casual;Spinn Men Dozer White Shoes
20714;Men;Footwear;Shoes;Casual Shoes;Coffee Brown;Winter;2018;Smart Casual;Red Tape Men Coffee Brown Leather Loafers
35464;Men;Footwear;Shoes;Casual Shoes;Red;Summer;2013;Casual;Franco Leone Men Red Shoes
35656;Men;Footwear;Shoes;Casual Shoes;Navy Blue;Spring;2013;Casual;U.S. Polo Assn. Men Navy Blue Shoes
38780;Men;Footwear;Shoes;Casual Shoes;Brown;Summer;2016;Casual;Woodland Men Brown Casual Shoes
34529;Men;Footwear;Shoes;Casual Shoes;Brown;Winter;2018;Casual;Red Tape Men Brown Shoes
37956;Men;Footwear;Shoes;Casual Shoes;Black;Summer;2013;Casual;Clarks Men Black Leather Loafers
3674;Men;Footwear;Shoes;Casual Shoes;Black;Winter;2015;Casual;Fila Men's Chaser HI Black Shoe
33530;Women;Footwear;Shoes;Casual Shoes;Beige;Summer;2016;Casual;Cobblerz Women Beige Loafers
51349;Men;Footwear;Shoes;Casual Shoes;Black;Winter;2015;Casual;Converse Men Black Casual Shoes
11835;Men;Footwear;Shoes;Casual Shoes;Blue;Summer;2013;Casual;Playboy Men Casual Blue Casual Shoes
22825;Men;Footwear;Shoes;Casual Shoes;Khaki;Summer;2016;Casual;Woodland Men Khaki Casual Shoes
40455;Men;Footwear;Shoes;Casual Shoes;Black;Winter;2018;Casual;Red Tape Men Black Shoes
11832;Men;Footwear;Shoes;Casual Shoes;Grey;Summer;2013;Casual;Playboy Men Casual Grey Casual Shoes
22822;Men;Footwear;Shoes;Casual Shoes;Green;Summer;2016;Casual;Woodland Men Green Shoes
13549;Women;Footwear;Shoes;Casual Shoes;Grey;Spring;2013;Casual;Carlton London Women Casual Grey Casual Shoes
3804;Men;Footwear;Shoes;Casual Shoes;White;Winter;2015;Casual;Skechers Men's White Navy Shoe
40448;Men;Footwear;Shoes;Casual Shoes;Brown;Winter;2018;Casual;Red Tape Men Brown Shoes
41551;Men;Footwear;Shoes;Casual Shoes;Coffee Brown;Spring;2013;Casual;Carlton London Men Brown Casual Shoes
56720;Men;Footwear;Shoes;Casual Shoes;Grey;Spring;2013;Casual;Converse Men Grey Shoes
24300;Men;Footwear;Shoes;Casual Shoes;Navy Blue;Summer;2013;Casual;Converse Men Oxford Navy Blue Casual Shoes
47236;Men;Footwear;Shoes;Casual Shoes;Brown;Summer;2013;Casual;Playboy Men Brown Low Cut Lace Up Shoes
11817;Men;Footwear;Shoes;Casual Shoes;White;Summer;2013;Casual;Playboy Men Casual White Casual Shoes
11828;Men;Footwear;Shoes;Casual Shoes;Red;Summer;2013;Casual;Playboy Men Casual Red Casual Shoes
33512;Women;Footwear;Shoes;Casual Shoes;Black;Summer;2016;Casual;Cobblerz Women Black Casual Shoes
47238;Men;Footwear;Shoes;Casual Shoes;Black;Summer;2013;Casual;Playboy
22831;Men;Footwear;Shoes;Casual Shoes;Khaki;Summer;2016;Casual;Woodland Men Khaki Casual Shoes
33524;Women;Footwear;Shoes;Casual Shoes;Red;Summer;2016;Casual;Cobblerz Women Red Shoes
36432;Men;Footwear;Shoes;Casual Shoes;White;Spring;2013;Casual;Spinn Men Castro White Shoes
36435;Men;Footwear;Shoes;Casual Shoes;White;Spring;2013;Casual;Spinn Men White & Navy Blue Shoes
11819;Men;Footwear;Shoes;Casual Shoes;Blue;Summer;2013;Casual;Playboy Men Casual Blue Casual Shoes
33523;Women;Footwear;Shoes;Casual Shoes;Black;Summer;2016;Casual;Cobblerz Women Black Shoes
2371;Men;Footwear;Shoes;Casual Shoes;Brown;Winter;2018;Casual;Red Tape Semi Casual Brown Shoe
5702;Men;Footwear;Shoes;Casual Shoes;Black;Winter;2015;Casual;Skechers Men's Torino Black Shoe
13170;Men;Footwear;Shoes;Casual Shoes;Brown;Spring;2013;Casual;Skechers Men Berra Brown Casual Shoes
2385;Men;Footwear;Shoes;Casual Shoes;Brown;Winter;2018;Casual;Red Tape Semi Casual Men's Brown Shoe
51755;Women;Footwear;Shoes;Casual Shoes;Black;Winter;2015;Casual;Catwalk Women Black Shoes
8210;Men;Footwear;Shoes;Casual Shoes;Brown;Winter;2018;Casual;Red Tape Men's Casual Brown Shoe
51752;Women;Footwear;Shoes;Casual Shoes;Black;Winter;2015;Casual;Catwalk Women Black Pumps
39278;Men;Footwear;Shoes;Casual Shoes;Brown;Summer;2018;Casual;Red Chief Men Brown Shoes
5705;Men;Footwear;Shoes;Casual Shoes;Grey;Winter;2015;Casual;Skechers Men Planfix-Zeta Charcoal Grey Shoes
44422;Men;Footwear;Shoes;Casual Shoes;Brown;Winter;2018;Casual;Red Tape Men Brown Leather Shoes
35687;Men;Footwear;Shoes;Casual Shoes;Navy Blue;Summer;2013;Casual;U.S. Polo Assn. Men Navy Casual Shoes
36466;Men;Footwear;Shoes;Casual Shoes;White;Spring;2013;Casual;Spinn Men Viking White Casual Shoes
2376;Men;Footwear;Shoes;Casual Shoes;Brown;Winter;2018;Casual;Red Tape Semi Casual Brown Men's Shoe
22865;Men;Footwear;Shoes;Casual Shoes;Khaki;Summer;2016;Casual;Woodland Men Khaki Casual Shoes
39247;Men;Footwear;Shoes;Casual Shoes;Brown;Winter;2018;Casual;Red Chief Men Brown Shoes
44414;Men;Footwear;Shoes;Casual Shoes;Grey;Winter;2018;Casual;Red Tape Men Grey Shoes
22853;Men;Footwear;Shoes;Casual Shoes;Brown;Summer;2016;Casual;Woodland Men Brown Casual Shoes
11843;Men;Footwear;Shoes;Casual Shoes;Blue;Summer;2013;Casual;Playboy Men Casual Blue Casual Shoes
25424;Men;Footwear;Shoes;Casual Shoes;Black;Summer;2013;Casual;Puma Men Mid Evo Leather Black Casual Shoes
44413;Men;Footwear;Shoes;Casual Shoes;Black;Winter;2018;Casual;Red Tape Men Black Shoes
39249;Men;Footwear;Shoes;Casual Shoes;Brown;Winter;2018;Casual;Red Chief Men Brown Shoes
7407;Men;Footwear;Shoes;Casual Shoes;Brown;Winter;2018;Casual;Red Tape Men's Anm Casual Brown Shoe
26631;Women;Footwear;Shoes;Casual Shoes;Black;Spring;2014;Casual;Puma Women Winning Diva Ballerina Black Casual Shoes
36468;Men;Footwear;Shoes;Casual Shoes;Black;Summer;2013;Casual;Spinn Men Zoom Black Shoes
19027;Women;Footwear;Shoes;Casual Shoes;Pink;Winter;2015;Casual;Catwalk Women Loafer Pink Casual Shoes
22854;Men;Footwear;Shoes;Casual Shoes;Khaki;Summer;2016;Casual;Woodland Men Khaki Casual Shoes
39276;Men;Footwear;Shoes;Casual Shoes;Brown;Summer;2018;Casual;Red Chief Men Brown Casual Shoes
35689;Men;Footwear;Shoes;Casual Shoes;White;Spring;2013;Casual;U.S. Polo Assn. Men White Shoes
44817;Men;Footwear;Shoes;Casual Shoes;Brown;Fall;2013;Casual;Clarks Men Brown Latch Port Suede Loafers
36434;Men;Footwear;Shoes;Casual Shoes;Brown;Summer;2013;Casual;Spinn Men Conniver Brown Shoes
22830;Men;Footwear;Shoes;Casual Shoes;Green;Summer;2016;Casual;Woodland Men Green Casual Shoes
11820;Men;Footwear;Shoes;Casual Shoes;Green;Summer;2013;Casual;Playboy Men Casual Green Casual Shoes
36433;Men;Footwear;Shoes;Casual Shoes;Black;Spring;2013;Casual;Spinn Men Conniver Black Shoes
3802;Men;Footwear;Shoes;Casual Shoes;Grey;Winter;2015;Casual;Skechers Men's Navy Grey Shoe
11829;Men;Footwear;Shoes;Casual Shoes;White;Summer;2013;Casual;Playboy Men Casual White Casual Shoes
13114;Men;Footwear;Shoes;Casual Shoes;White;Summer;2013;Casual;Numero Uno Men Casual White Casual Shoes
44821;Men;Footwear;Shoes;Casual Shoes;Navy Blue;Fall;2014;Casual;Clarks Men Dark Navy Malta Drive Loafers
56721;Men;Footwear;Shoes;Casual Shoes;Black;Summer;2014;Casual;Converse Men Black Shoes
47237;Men;Footwear;Shoes;Casual Shoes;Grey;Summer;2013;Casual;Playboy Men Grey Shoes
45594;Men;Footwear;Shoes;Casual Shoes;Brown;Summer;2013;Casual;Arrow Men Brown & Navy Blue Shoes
39248;Men;Footwear;Shoes;Casual Shoes;Olive;Winter;2018;Casual;Red Chief Men Olive Shoes
44412;Men;Footwear;Shoes;Casual Shoes;Black;Winter;2018;Casual;Red Tape Men Black Shoes
36456;Men;Footwear;Shoes;Casual Shoes;Brown;Spring;2013;Casual;Spinn Men Temptation Brown Shoes
36469;Men;Footwear;Shoes;Casual Shoes;White;Summer;2013;Casual;Spinn Men Zoom White Casual Shoes
35688;Men;Footwear;Shoes;Casual Shoes;Black;Summer;2013;Casual;U.S. Polo Assn. Men Black Shoes
15881;Unisex;Footwear;Shoes;Casual Shoes;Grey;Winter;2013;Casual;Warner Bros Kids Unisex TJ Stud Sandal Grey Casual Shoes
39277;Men;Footwear;Shoes;Casual Shoes;Olive;Winter;2018;Casual;Red Chief Men Olive Casual Shoes
7401;Men;Footwear;Shoes;Casual Shoes;Brown;Winter;2018;Casual;Red Tape Men Brown Casual Shoes
44415;Men;Footwear;Shoes;Casual Shoes;Brown;Winter;2018;Casual;Red Tape Men Brown Shoes
39270;Men;Footwear;Shoes;Casual Shoes;Khaki;Winter;2018;Casual;Red Chief Men Khaki Shoes
22852;Men;Footwear;Shoes;Casual Shoes;Brown;Summer;2016;Casual;Woodland Men Brown Casual Shoes
11842;Men;Footwear;Shoes;Casual Shoes;Beige;Summer;2013;Casual;Playboy Men Casual Beige Casual Shoes
15872;Unisex;Footwear;Shoes;Casual Shoes;Navy Blue;Spring;2013;Casual;Warner Bros Kids Unisex TJ Happy Canvas Navy Blue Casual Shoes
5704;Men;Footwear;Shoes;Casual Shoes;Brown;Winter;2015;Casual;Skechers Men's Seguae-Deposit Chocolate Shoe
35686;Men;Footwear;Shoes;Casual Shoes;Navy Blue;Summer;2013;Casual;U.S. Polo Assn. Men Beige Shoes
36467;Men;Footwear;Shoes;Casual Shoes;Black;Spring;2013;Casual;Spinn Men Zoom Black Shoes
33115;Women;Footwear;Shoes;Casual Shoes;Orange;Winter;2015;Casual;Catwalk Women Orange Shoes
19028;Women;Footwear;Shoes;Casual Shoes;Yellow;Winter;2015;Casual;Catwalk Women Loafer Yellow Casual Shoes
2383;Men;Footwear;Shoes;Casual Shoes;Black;Winter;2018;Casual;Red Tape Casual Semi Men's Shoe
51753;Women;Footwear;Shoes;Casual Shoes;Grey;Winter;2015;Casual;Catwalk Women Grey Pumps
7408;Men;Footwear;Shoes;Casual Shoes;Black;Winter;2018;Casual;Red Tape Men Black Shoes
22864;Men;Footwear;Shoes;Casual Shoes;Brown;Summer;2016;Casual;Woodland Men Camel Casual Shoes
51754;Women;Footwear;Shoes;Casual Shoes;Pink;Winter;2015;Casual;Catwalk Women Pink Moccassins
33112;Women;Footwear;Shoes;Casual Shoes;Black;Winter;2015;Casual;Catwalk Women Black Casual Shoes
5703;Men;Footwear;Shoes;Casual Shoes;Brown;Winter;2015;Casual;Skechers Men's Striking Charcoal Shoe
3586;Men;Footwear;Shoes;Casual Shoes;Black;Summer;2014;Casual;Converse Men Black All Star Canvas Mono Hi Casual Shoes
6490;Men;Footwear;Shoes;Casual Shoes;Brown;Winter;2018;Casual;Red Tape Men Brown Formal Shoe
17033;Men;Footwear;Shoes;Casual Shoes;Black;Summer;2013;Casual;Gas Men Europa Casual Shoes
17665;Women;Footwear;Shoes;Casual Shoes;Black;Winter;2015;Casual;Catwalk Women Back Strap Black Casual Shoe
53727;Women;Footwear;Shoes;Casual Shoes;Black;Spring;2014;Casual;Puma Women Black Motorina Casual Shoes
5685;Men;Footwear;Shoes;Casual Shoes;Black;Winter;2015;Casual;Skechers Men's Traffics Black Shoe
4139;Women;Footwear;Shoes;Casual Shoes;Black;Winter;2015;Casual;Skechers Women Black Wave Shoe
50738;Men;Footwear;Shoes;Casual Shoes;Mushroom Brown;Winter;2018;Casual;Red Chief Men Mushroom Brown Shoes
5682;Men;Footwear;Shoes;Casual Shoes;Brown;Winter;2015;Casual;Skechers Men's Transparent Brown Shoe
33093;Women;Footwear;Shoes;Casual Shoes;Black;Winter;2015;Casual;Catwalk Women Black Shoes
17034;Men;Footwear;Shoes;Casual Shoes;White;Summer;2013;Casual;Gas Men Romance Casual Shoe
19368;Men;Footwear;Shoes;Casual Shoes;Grey;Winter;2018;Casual;Redtape Men Candy Grey Casual Shoes
6497;Men;Footwear;Shoes;Casual Shoes;Brown;Winter;2018;Casual;Red Tape Men's Leather Brown Shoe
5676;Men;Footwear;Shoes;Casual Shoes;Brown;Winter;2015;Casual;Skechers Men's Casual  Charcoal Shoe
53729;Men;Footwear;Shoes;Casual Shoes;Black;Fall;2013;Casual;Puma Men Black Drift Cat 3 CF SF Casual Shoes
39302;Men;Footwear;Shoes;Casual Shoes;Brown;Winter;2018;Casual;Red Chief Men Brown Casual Shoes
3588;Unisex;Footwear;Shoes;Casual Shoes;Red;Summer;2013;Casual;Converse Unisex All Star Canvas Ox Red Shoe
24482;Men;Footwear;Shoes;Casual Shoes;Black;Winter;2018;Casual;Red Tape Men Black Casual Shoes
5678;Men;Footwear;Shoes;Casual Shoes;Brown;Winter;2015;Casual;Skechers Men's Slip On Dark Brown Shoe
39305;Men;Footwear;Shoes;Casual Shoes;Khaki;Winter;2018;Casual;Red Chief Men Khaki Shoes
4137;Women;Footwear;Shoes;Casual Shoes;White;Winter;2015;Casual;Skechers Women Silver Pink White Shoe
19903;Unisex;Footwear;Shoes;Casual Shoes;Black;Fall;2013;Casual;Converse Unisex AS Canvas OX Black Casual Shoes
7376;Men;Footwear;Shoes;Casual Shoes;Grey;Winter;2018;Casual;Red Tape Men's Grey Casual Shoe
9816;Unisex;Footwear;Shoes;Casual Shoes;Purple;Summer;2014;Casual;Converse Unisex Purple Casual Shoes
26524;Men;Footwear;Shoes;Casual Shoes;Grey;Spring;2013;Casual;Gas Men Passtime Grey Casual Shoes
17056;Men;Footwear;Shoes;Casual Shoes;Navy Blue;Summer;2013;Casual;Gas Men Sahar Casual Shoe
39993;Men;Footwear;Shoes;Casual Shoes;Black;Summer;2013;Casual;Gas Men Draw Black Shoes
15365;Men;Footwear;Shoes;Casual Shoes;Brown;Winter;2018;Casual;Red Tape Men Casual Brown Shoes
39967;Men;Footwear;Shoes;Casual Shoes;Brown;Summer;2013;Casual;Gas Men Brown Clapton Shoes
32743;Men;Footwear;Shoes;Casual Shoes;Brown;Spring;2013;Casual;Fila Men Dale Brown Shoes
15353;Men;Footwear;Shoes;Casual Shoes;Black;Winter;2018;Casual;Red Tape Men Casual Black Shoes
15505;Women;Footwear;Shoes;Casual Shoes;Brown;Spring;2013;Casual;Carlton London Women Casual Brown Casual Shoes
50753;Men;Footwear;Shoes;Casual Shoes;Mushroom Brown;Winter;2018;Casual;Red Chief Men Mushroom Brown Shoes
4509;Men;Footwear;Shoes;Casual Shoes;Beige;Winter;2015;Casual;Skechers Men's Arcade Midway Beige Shoe
50754;Men;Footwear;Shoes;Casual Shoes;Brown;Winter;2018;Casual;Red Chief Men Brown Shoes
12515;Men;Footwear;Shoes;Casual Shoes;Black;Winter;2018;Casual;Red Tape Men Black Shoes
15354;Men;Footwear;Shoes;Casual Shoes;Black;Winter;2018;Casual;Red Tape Men Casual Black Casual Shoes
32744;Men;Footwear;Shoes;Casual Shoes;Charcoal;Spring;2013;Casual;Fila Men Dale Charcoal Black Shoes
39969;Men;Footwear;Shoes;Casual Shoes;Grey;Spring;2013;Casual;GAS Men Grey Cutback Casual Shoes
23800;Men;Footwear;Shoes;Casual Shoes;Black;Summer;2013;Casual;Clarks Men Dark Black Un Rail Casual Shoes
39304;Men;Footwear;Shoes;Casual Shoes;Olive;Winter;2018;Casual;Red Chief Men Olive Casual Shoes
5679;Men;Footwear;Shoes;Casual Shoes;Black;Winter;2015;Casual;Skechers Men's Diameter Heisman Black Shoe
19367;Men;Footwear;Shoes;Casual Shoes;Tan;Winter;2018;Casual;Redtape Men Candy Tan Casual Shoes
3545;Men;Footwear;Shoes;Casual Shoes;Grey;Winter;2015;Casual;Skechers Men's Grey Lifestyle Shoe
4136;Women;Footwear;Shoes;Casual Shoes;Silver;Winter;2015;Casual;Skechers Women Silver White Blue Shoe
50737;Men;Footwear;Shoes;Casual Shoes;Mushroom Brown;Winter;2018;Casual;Red Chief Men Mushroom Brown Shoes
41477;Men;Footwear;Shoes;Casual Shoes;Maroon;Spring;2013;Casual;Carlton London Men Maroon Shoes
20818;Men;Footwear;Shoes;Casual Shoes;Brown;Winter;2018;Casual;Red Tape Men Brown Leather Casual Shoes
7323;Men;Footwear;Shoes;Casual Shoes;Brown;Winter;2018;Casual;Red Tape Men's Casual Brown Shoe
39303;Men;Footwear;Shoes;Casual Shoes;Khaki;Winter;2018;Casual;Red Chief Men Khaki Shoes
4138;Women;Footwear;Shoes;Casual Shoes;Black;Winter;2015;Casual;Skechers Women Black & Pink Shoes
19369;Men;Footwear;Shoes;Casual Shoes;Blue;Winter;2018;Casual;Redtape Men Stone Wall Blue Casual Shoes
5677;Men;Footwear;Shoes;Casual Shoes;Brown;Winter;2015;Casual;Skechers Men's Ilets Resolute Charcolate Shoe
5683;Men;Footwear;Shoes;Casual Shoes;Black;Winter;2015;Casual;Skechers Men's Triumphant Black Shoe
17035;Men;Footwear;Shoes;Casual Shoes;Brown;Summer;2013;Casual;Gas Men Romance Casual Shoe
34085;Men;Footwear;Shoes;Casual Shoes;Blue;Summer;2013;Casual;Clarks Men Manor Hall Leather Blue Shoes
34082;Men;Footwear;Shoes;Casual Shoes;Black;Summer;2016;Casual;Clarks Men Black Nature Three Leather Casual Shoes
17032;Men;Footwear;Shoes;Casual Shoes;Red;Summer;2013;Casual;GAS Men Red Europa Sneakers
5684;Men;Footwear;Shoes;Casual Shoes;Black;Winter;2015;Casual;Skechers Men Black Shoe
17664;Women;Footwear;Shoes;Casual Shoes;Blue;Winter;2015;Casual;Catwalk Women Pumps Blue Casual Shoe
3587;Unisex;Footwear;Shoes;Casual Shoes;Red;Fall;2013;Casual;Converse Unisex Red Casual Shoes
6491;Men;Footwear;Shoes;Casual Shoes;Brown;Winter;2018;Casual;Red Tape Men Brown Shoes
15355;Men;Footwear;Shoes;Casual Shoes;Navy Blue;Winter;2018;Casual;Red Tape Men Navy Blue Shoes
24082;Women;Footwear;Shoes;Casual Shoes;Yellow;Winter;2015;Casual;Catwalk Women Yellow Casual Shoes
39968;Men;Footwear;Shoes;Casual Shoes;Brown;Spring;2013;Casual;Gas Men Brown Cutback Shoes
43345;Men;Footwear;Shoes;Casual Shoes;Olive;Summer;2013;Casual;Reebok Men Olive Blaze Ultra Casual Shoes
15352;Men;Footwear;Shoes;Casual Shoes;Brown;Winter;2018;Casual;Red Tape Men Brown Shoes
32742;Men;Footwear;Shoes;Casual Shoes;Grey;Summer;2013;Casual;Fila Men Calve Grey Shoes
24627;Unisex;Footwear;Shoes;Casual Shoes;Black;Summer;2013;Casual;Converse Unisex Black Shoes
12513;Men;Footwear;Shoes;Casual Shoes;Brown;Winter;2018;Casual;Red Tape Men Brown Shoes
7379;Men;Footwear;Shoes;Casual Shoes;Black;Winter;2018;Casual;Red Tape Men's Blk Casual Black Shoe
20842;Men;Footwear;Shoes;Casual Shoes;Brown;Winter;2018;Casual;Red Tape Men Brown Shoes
39966;Men;Footwear;Shoes;Casual Shoes;Red;Summer;2013;Casual;Gas Men Red & Brown Clapton Shoes
5043;Men;Footwear;Shoes;Casual Shoes;White;Summer;2013;Casual;Fila Men's Sniper White Green Shoe
17057;Men;Footwear;Shoes;Casual Shoes;Red;Summer;2013;Casual;Gas Men Sahar Casual Shoe
39992;Men;Footwear;Shoes;Casual Shoes;White;Winter;2014;Casual;Gas Men Romance White Shoes
7384;Men;Footwear;Shoes;Casual Shoes;Brown;Winter;2018;Casual;Red Tape Men Brown Casual Shoes
4501;Men;Footwear;Shoes;Casual Shoes;Black;Winter;2015;Casual;Skechers Men's Arcade Midway Black Shoe
45619;Men;Footwear;Shoes;Casual Shoes;Red;Summer;2013;Casual;Arrow Men Red Shoes
4506;Men;Footwear;Shoes;Casual Shoes;Grey;Winter;2015;Casual;Skechers Men's Arcade Midway Charcoal Shoe
9817;Men;Footwear;Shoes;Casual Shoes;Black;Summer;2014;Casual;Converse Men CT AS Sketch OX Black Casual Shoes
12522;Men;Footwear;Shoes;Casual Shoes;Brown;Winter;2018;Casual;Red Tape Men Brown Shoes
26525;Men;Footwear;Shoes;Casual Shoes;Blue;Spring;2013;Casual;Gas Men Passtime Blue Casual Shoes
46606;Women;Footwear;Shoes;Casual Shoes;Blue;Winter;2015;Casual;Catwalk Women Blue Shoes
19902;Unisex;Footwear;Shoes;Casual Shoes;Red;Fall;2013;Casual;Converse Unisex Red Chuck Taylor All Star Canvas Shoes
7377;Men;Footwear;Shoes;Casual Shoes;Brown;Winter;2018;Casual;Red Tape Men's Brown Casual Shoe
50727;Men;Footwear;Shoes;Casual Shoes;Khaki;Winter;2018;Casual;Red Chief Men Khaki Shoes
30252;Men;Footwear;Shoes;Casual Shoes;Black;Summer;2013;Casual;Numero Uno Men Black Shoes
23810;Men;Footwear;Shoes;Casual Shoes;Black;Fall;2014;Casual;Clarks Men Black Supa Step Casual Shoes
30255;Men;Footwear;Shoes;Casual Shoes;Black;Winter;2018;Casual;Red Tape Men Black Shoes
3552;Men;Footwear;Shoes;Casual Shoes;Brown;Winter;2015;Casual;Skechers Men's Light Brown Lifestyle Shoe
3564;Men;Footwear;Shoes;Casual Shoes;Brown;Winter;2015;Casual;Skechers Men Sage Brown Lifestyle Casual Shoe
30263;Men;Footwear;Shoes;Casual Shoes;Olive;Winter;2018;Casual;Red Tape Men Olive Shoes
5693;Men;Footwear;Shoes;Casual Shoes;Black;Winter;2015;Casual;Skechers Men's Genesis Everstone Black Shoe
53731;Men;Footwear;Shoes;Casual Shoes;White;Fall;2014;Casual;Puma Men White & Black Contest Lo Casual Shoes
24663;Unisex;Footwear;Shoes;Casual Shoes;Red;Summer;2013;Casual;Converse Unisex Oxford Red Casual Shoes
6486;Men;Footwear;Shoes;Casual Shoes;Brown;Winter;2018;Casual;Red Tape Men STN Formal Light Brown Shoe
41469;Women;Footwear;Shoes;Casual Shoes;Cream;Spring;2013;Casual;Carlton London Women Cream Shoes
39741;Men;Footwear;Shoes;Casual Shoes;Olive;Summer;2013;Casual;Arrow Men Olive Shoes
24664;Unisex;Footwear;Shoes;Casual Shoes;Purple;Fall;2013;Casual;Converse Unisex Sketch Purple Casual Shoes
3563;Men;Footwear;Shoes;Casual Shoes;Black;Winter;2015;Casual;Skechers Men's Black Taupe Lifestyle Casual Shoe
30264;Men;Footwear;Shoes;Casual Shoes;Grey;Winter;2018;Casual;Red Tape Men Grey Shoes
5694;Men;Footwear;Shoes;Casual Shoes;Brown;Winter;2015;Casual;Skechers Men's Genesis Everstone Brown Shoe
6678;Men;Footwear;Shoes;Casual Shoes;Green;Summer;2013;Casual;Converse Men's Oxford Green Shoe
31329;Men;Footwear;Shoes;Casual Shoes;Blue;Summer;2013;Formal;Franco Leone Men Slip On Navy Blue Shoes
39978;Men;Footwear;Shoes;Casual Shoes;Brown;Summer;2013;Casual;GAS Men Brown Carroll Casual Shoes
32558;Men;Footwear;Shoes;Casual Shoes;Blue;Summer;2013;Casual;Playboy Men Blue Shoes
39947;Men;Footwear;Shoes;Casual Shoes;Olive;Summer;2013;Casual;Gas Men Sahar Olive Shoes
7369;Men;Footwear;Shoes;Casual Shoes;Brown;Winter;2018;Casual;Red Tape Men's Brown Casual Shoe
24253;Men;Footwear;Shoes;Casual Shoes;Black;Summer;2013;Casual;Numero Uno Men Black Casual Shoes
45600;Men;Footwear;Shoes;Casual Shoes;Black;Summer;2013;Casual;Arrow Men Black Shoes
10630;Men;Footwear;Shoes;Casual Shoes;Navy Blue;Winter;2015;Casual;Carlton London Men Casual Navy Blue Casual Shoes
39940;Men;Footwear;Shoes;Casual Shoes;Grey;Summer;2013;Casual;Gas Men Venetian Grey Shoes
50742;Men;Footwear;Shoes;Casual Shoes;Brown;Winter;2018;Casual;Red Chief Men Brown Shoes
39949;Men;Footwear;Shoes;Casual Shoes;White;Spring;2013;Casual;GAS Men White Walk Casual Shoes
32556;Men;Footwear;Shoes;Casual Shoes;Blue;Summer;2013;Casual;Playboy Men Blue Shoes
39982;Men;Footwear;Shoes;Casual Shoes;Black;Summer;2013;Casual;Gas Men Jack Black Shoes
26532;Men;Footwear;Shoes;Casual Shoes;Beige;Summer;2013;Casual;Gas Men Arunta Beige Casual Shoes
10296;Men;Footwear;Shoes;Casual Shoes;Navy Blue;Summer;2016;Casual;Clarks Men Navy Blue Leather Casual Shoes
39976;Men;Footwear;Shoes;Casual Shoes;Brown;Winter;2014;Casual;Gas Men Brown Swansea Shoes
24639;Men;Footwear;Shoes;Casual Shoes;Black;Summer;2014;Casual;Converse Men Red Lace Black Shoes
13070;Men;Footwear;Shoes;Casual Shoes;Black;Summer;2013;Casual;Numero Uno Men Black Casual Shoes
39971;Men;Footwear;Shoes;Casual Shoes;Beige;Summer;2013;Casual;Gas Men Beige Campus Shoes
22505;Women;Footwear;Shoes;Casual Shoes;Grey;Winter;2015;Casual;Catwalk Women Dark Grey Casual Shoes
7367;Men;Footwear;Shoes;Casual Shoes;Brown;Winter;2018;Casual;Red Tape Men's Stone Casual Shoe
17040;Men;Footwear;Shoes;Casual Shoes;Blue;Spring;2013;Casual;Gas Men Skate 001 Casual Shoe
39985;Men;Footwear;Shoes;Casual Shoes;Olive;Summer;2013;Casual;Gas Men Mila Olive Shoes
7393;Men;Footwear;Shoes;Casual Shoes;Brown;Winter;2018;Casual;Red Tape Men's Brown Semi Formal Shoe
6474;Men;Footwear;Shoes;Casual Shoes;Black;Winter;2018;Casual;Red Tape Men's Black casual Shoe
5037;Men;Footwear;Shoes;Casual Shoes;White;Winter;2015;Casual;Fila Men White Ample Shoes
24662;Women;Footwear;Shoes;Casual Shoes;Black;Winter;2015;Casual;Catwalk Women Black Flat Casual Shoes
30262;Men;Footwear;Shoes;Casual Shoes;Brown;Winter;2018;Casual;Red Tape Men Brown Shoes
5692;Men;Footwear;Shoes;Casual Shoes;Black;Winter;2015;Casual;Skechers Men Seguae-Deposit Black Taupe Shoe
41468;Women;Footwear;Shoes;Casual Shoes;Olive;Spring;2013;Casual;Carlton London Women Olive Shoes
3795;Unisex;Footwear;Shoes;Casual Shoes;Black;Fall;2013;Casual;Converse Unisex CT  LACE COLOR OX Black Casual Shoes
3553;Men;Footwear;Shoes;Casual Shoes;Brown;Winter;2015;Casual;Skechers Men's Brown Lifestyle Casual Shoe
3554;Men;Footwear;Shoes;Casual Shoes;Black;Winter;2015;Casual;Skechers Men Black Sneakers
7332;Men;Footwear;Shoes;Casual Shoes;Grey;Winter;2018;Casual;Red Tape Men's Grey Black Shoe
41466;Women;Footwear;Shoes;Casual Shoes;Brown;Spring;2013;Casual;Carlton London Women Brown Shoes
39984;Men;Footwear;Shoes;Casual Shoes;Grey;Winter;2014;Casual;Gas Men Grey & Blue Tee Casual Shoes
7366;Men;Footwear;Shoes;Casual Shoes;Black;Winter;2018;Casual;Red Tape Men's Tape Black Casual Shoe
22504;Women;Footwear;Shoes;Casual Shoes;Blue;Winter;2015;Casual;Catwalk Women Blue Casual Shoes
39970;Men;Footwear;Shoes;Casual Shoes;Red;Spring;2013;Casual;Gas Men Red Cutback Shoes
39948;Men;Footwear;Shoes;Casual Shoes;White;Spring;2013;Casual;GAS Men White Casual Shoes
39983;Men;Footwear;Shoes;Casual Shoes;Black;Winter;2014;Casual;GAS Men Black Casual Shoes
15375;Men;Footwear;Shoes;Casual Shoes;Black;Summer;2013;Casual;Fila Men Flow Black Casual Shoes
32557;Men;Footwear;Shoes;Casual Shoes;Red;Summer;2013;Casual;Playboy Men Red Shoes
7395;Men;Footwear;Shoes;Casual Shoes;Grey;Winter;2018;Casual;Red Tape Men's Casual Grey Shoe
24299;Unisex;Footwear;Shoes;Casual Shoes;Grey;Summer;2013;Casual;Converse Unisex Grey CT Oxford Ox Casual Shoes
39941;Men;Footwear;Shoes;Casual Shoes;Blue;Summer;2013;Casual;Gas Men Bugey Blue Shoes
50743;Men;Footwear;Shoes;Casual Shoes;Brown;Winter;2018;Casual;Red Chief Men Brown Shoes
10631;Men;Footwear;Shoes;Casual Shoes;Black;Spring;2013;Casual;Carlton London Men CL semi-cas Black Casual Shoes
39979;Men;Footwear;Shoes;Casual Shoes;Beige;Summer;2013;Casual;Gas Men Flint Grey Shoes
35571;Men;Footwear;Shoes;Casual Shoes;Brown;Summer;2013;Casual;Arrow Men Brown Casual Shoes
39946;Men;Footwear;Shoes;Casual Shoes;Beige;Summer;2013;Casual;Gas Men Sahar Beige Shoes
43477;Men;Footwear;Shoes;Casual Shoes;Khaki;Summer;2016;Casual;Woodland Men Khaki Shoes
33532;Women;Footwear;Shoes;Casual Shoes;Grey;Summer;2016;Casual;Cobblerz Women Grey Loafers
47681;Men;Footwear;Shoes;Casual Shoes;Navy Blue;Spring;2013;Casual;Carlton London Men Navy Blue Shoes
22818;Men;Footwear;Shoes;Casual Shoes;Black;Winter;2016;Casual;Woodland Men Black Casual Shoes
15494;Women;Footwear;Shoes;Casual Shoes;Maroon;Spring;2013;Casual;Carlton London Women Casual Maroon Casual Shoes
40450;Men;Footwear;Shoes;Casual Shoes;Brown;Winter;2018;Casual;Red Tape Men Brown Shoes
11837;Men;Footwear;Shoes;Casual Shoes;Red;Summer;2013;Casual;Playboy Men Casual Red Casual Shoes
40457;Men;Footwear;Shoes;Casual Shoes;Brown;Winter;2018;Casual;Red Tape Men Brown Casual Shoes
3488;Men;Footwear;Shoes;Casual Shoes;Black;Fall;2013;Casual;ADIDAS Men's Jawpaw Black Metal Shoe
11830;Men;Footwear;Shoes;Casual Shoes;Blue;Summer;2013;Casual;Playboy Men Casual Blue Casual Shoes
22820;Men;Footwear;Shoes;Casual Shoes;Khaki;Summer;2016;Casual;Woodland Men Khaki Shoes
47644;Men;Footwear;Shoes;Casual Shoes;Brown;Spring;2013;Casual;Carlton London Men Brown Shoes
45583;Men;Footwear;Shoes;Casual Shoes;Brown;Summer;2013;Casual;Arrow Men Brown Casual Shoes
22829;Men;Footwear;Shoes;Casual Shoes;Cream;Summer;2016;Casual;Woodland Men Camel Casual Shoes
3812;Men;Footwear;Shoes;Casual Shoes;Black;Spring;2014;Casual;Converse Men CT COLOR HI Black Black Casual Shoes
47643;Men;Footwear;Shoes;Casual Shoes;Brown;Winter;2014;Casual;Carlton London Men Light Brown Loafers
38771;Men;Footwear;Shoes;Casual Shoes;Khaki;Summer;2016;Casual;Woodland Men Khaki Shoes
40459;Men;Footwear;Shoes;Casual Shoes;Grey;Winter;2018;Casual;Red Tape Men Grey Shoes
39267;Men;Footwear;Shoes;Casual Shoes;Beige;Winter;2018;Casual;Red Chief Men Beige Shoes
28315;Men;Footwear;Shoes;Casual Shoes;Grey;Winter;2018;Casual;Red Tape Men Grey Shoes
2369;Men;Footwear;Shoes;Casual Shoes;Brown;Winter;2018;Casual;Red Tape Casual Brown Men's Shoe
20711;Men;Footwear;Shoes;Casual Shoes;Brown;Winter;2018;Smart Casual;Red Tape Men Brown Leather Casual Shoes
57471;Men;Footwear;Shoes;Casual Shoes;Green;Spring;2013;Casual;Playboy Men Military Green Boat Shoes
39260;Men;Footwear;Shoes;Casual Shoes;Khaki;Winter;2018;Casual;Red Chief Men Khaki Shoes
59940;Men;Footwear;Shoes;Casual Shoes;Black;Spring;2013;Casual;Vans Men Black Casual Shoes
34540;Men;Footwear;Shoes;Casual Shoes;Brown;Winter;2018;Casual;Red Tape Men Brown Shoes
24184;Unisex;Footwear;Shoes;Casual Shoes;Red;Summer;2014;Casual;Converse Unisex Contrast Oxford Red Casual Shoes
20716;Men;Footwear;Shoes;Casual Shoes;Brown;Winter;2018;Smart Casual;Red Tape Men Brown Leather Casual Shoes
18545;Women;Footwear;Shoes;Casual Shoes;Black;Winter;2015;Casual;Catwalk Women  Black Casual Shoe
22874;Men;Footwear;Shoes;Casual Shoes;Black;Summer;2016;Casual;Woodland Men Black Casual Shoes
36448;Men;Footwear;Shoes;Casual Shoes;White;Spring;2013;Casual;Spinn Men Recurve White & Gold Shoes
47242;Men;Footwear;Shoes;Casual Shoes;Brown;Summer;2013;Casual;Playboy Men Brown Check Canvas Shoes
2393;Men;Footwear;Shoes;Casual Shoes;Black;Winter;2018;Casual;Red Tape Men's Semi Casual Shoe
39269;Men;Footwear;Shoes;Casual Shoes;Beige;Winter;2018;Casual;Red Chief Men Beige Shoes
44433;Men;Footwear;Shoes;Casual Shoes;Black;Summer;2013;Casual;Gliders Men Black Shoes
39251;Men;Footwear;Shoes;Casual Shoes;Black;Winter;2018;Casual;Red Chief Men Black Shoes
18542;Women;Footwear;Shoes;Casual Shoes;Black;Winter;2015;Casual;Catwalk Women  Black Casual Shoe
44434;Men;Footwear;Shoes;Casual Shoes;Brown;Summer;2013;Casual;Gliders Men Brown Shoes
15898;Unisex;Footwear;Shoes;Casual Shoes;Blue;Winter;2013;Casual;Warner Bros Kids Blue Dance Casual Shoes
2394;Men;Footwear;Shoes;Casual Shoes;Black;Winter;2018;Casual;Red Tape Men's Casual Black Shoe
36484;Men;Footwear;Shoes;Casual Shoes;Grey;Spring;2013;Casual;Spinn Men Marley Grey Shoes
47245;Men;Footwear;Shoes;Casual Shoes;Brown;Summer;2013;Casual;Playboy Men Brown Casual Shoes
47642;Men;Footwear;Shoes;Casual Shoes;Black;Winter;2013;Casual;Carlton London Men Black Shoes
40458;Men;Footwear;Shoes;Casual Shoes;Navy Blue;Winter;2018;Casual;Red Tape Men Navy Blue Shoes
23338;Men;Footwear;Shoes;Casual Shoes;Black;Winter;2018;Casual;Red Tape Men Casual Black Shoes
45582;Men;Footwear;Shoes;Casual Shoes;Black;Summer;2013;Casual;Arrow Men Black Shoes
22828;Men;Footwear;Shoes;Casual Shoes;Black;Summer;2016;Casual;Woodland Men Black Casual Shoes
40456;Men;Footwear;Shoes;Casual Shoes;Brown;Winter;2018;Casual;Red Tape Men Brown Shoes
11831;Men;Footwear;Shoes;Casual Shoes;Brown;Summer;2013;Casual;Playboy Men Casual Brown Casual Shoes
22821;Men;Footwear;Shoes;Casual Shoes;Brown;Summer;2016;Sports;Woodland Men Brown Trekking Shoes
22819;Men;Footwear;Shoes;Casual Shoes;Brown;Summer;2016;Casual;Woodland Men Brown Casual Shoes
47680;Men;Footwear;Shoes;Casual Shoes;Off White;Spring;2013;Casual;Carlton London Men Off White Casual Shoes
11836;Men;Footwear;Shoes;Casual Shoes;Blue;Summer;2013;Casual;Playboy Men Casual Blue Casual Shoes
47244;Men;Footwear;Shoes;Casual Shoes;Blue;Summer;2013;Casual;Playboy Men Blue Shoes
44435;Men;Footwear;Shoes;Casual Shoes;Black;Summer;2013;Casual;Gliders Men Black Shoes
33103;Women;Footwear;Shoes;Casual Shoes;Black;Winter;2015;Casual;Catwalk Women Black Casual Shoes
36449;Men;Footwear;Shoes;Casual Shoes;White;Spring;2013;Casual;Spinn Men Recurve White Shoes
36476;Men;Footwear;Shoes;Casual Shoes;Black;Spring;2013;Casual;Spinn Men Agile Black Shoes
39268;Men;Footwear;Shoes;Casual Shoes;Black;Winter;2018;Casual;Red Chief Men Black Casual Shoes
47243;Men;Footwear;Shoes;Casual Shoes;Red;Summer;2013;Casual;Playboy Men Red Casual Shoes
12617;Men;Footwear;Shoes;Casual Shoes;Brown;Winter;2018;Casual;Red Tape Men Casual Brown Casual Shoes
39261;Men;Footwear;Shoes;Casual Shoes;Khaki;Winter;2018;Casual;Red Chief Men Khaki Shoes
28313;Men;Footwear;Shoes;Casual Shoes;Grey;Winter;2018;Casual;Red Tape Men Grey Shoes
34541;Men;Footwear;Shoes;Casual Shoes;Navy Blue;Winter;2018;Casual;Red Tape Men Navy Blue Shoes
24185;Unisex;Footwear;Shoes;Casual Shoes;Black;Fall;2013;Casual;Converse Unisex Contrast Oxford Black Casual Shoes
59941;Men;Footwear;Shoes;Casual Shoes;Navy Blue;Spring;2013;Casual;Vans Men Navy Blue Casual Shoes
14380;Women;Footwear;Shoes;Casual Shoes;White;Winter;2015;Casual;Catwalk Women Lifestyle White Casual Shoes
35655;Men;Footwear;Shoes;Casual Shoes;Beige;Spring;2013;Casual;U.S. Polo Assn. Men Beige Shoes
39266;Men;Footwear;Shoes;Casual Shoes;Black;Winter;2018;Casual;Red Chief Men Black Casual Shoes
2368;Men;Footwear;Shoes;Casual Shoes;Brown;Winter;2018;Casual;Red Tape Brown Casual Men's Shoe
20710;Men;Footwear;Shoes;Casual Shoes;Black;Winter;2018;Casual;Red Tape Men Black Casual Shoes
39259;Men;Footwear;Shoes;Casual Shoes;Khaki;Winter;2018;Casual;Red Chief Men Khaki Shoes
26603;Men;Footwear;Shoes;Casual Shoes;Black;Fall;2013;Sports;Puma Men Fox Black Sports Shoes
35670;Men;Footwear;Shoes;Casual Shoes;Navy Blue;Spring;2013;Casual;U.S. Polo Assn. Men Navy Blue Shoes
5706;Men;Footwear;Shoes;Casual Shoes;Black;Winter;2015;Casual;Skechers Men's Camaro Black Shoe
44421;Men;Footwear;Shoes;Casual Shoes;Black;Winter;2018;Casual;Red Tape Men Leather Black Shoes
35684;Men;Footwear;Shoes;Casual Shoes;White;Summer;2013;Casual;U.S. Polo Assn. Men Casual White Casual Shoes
22859;Men;Footwear;Shoes;Casual Shoes;Khaki;Summer;2016;Casual;Woodland Men Khaki Casual Shoes
34563;Men;Footwear;Shoes;Casual Shoes;Black;Winter;2018;Casual;Red Tape Men Black Shoes
5701;Men;Footwear;Shoes;Casual Shoes;Black;Winter;2015;Casual;Skechers Men's Flaunted Black Shoe
35677;Men;Footwear;Shoes;Casual Shoes;Brown;Winter;2014;Casual;U.S. Polo Assn. Men Brown Leather Casual Shoes
13187;Men;Footwear;Shoes;Casual Shoes;White;Summer;2013;Casual;Fila Men White Stradd Shoes
47633;Women;Footwear;Shoes;Casual Shoes;Magenta;Spring;2013;Casual;Carlton London Women Magenta Shoes
51756;Women;Footwear;Shoes;Casual Shoes;Blue;Winter;2015;Casual;Catwalk Women Blue Shoes
18550;Women;Footwear;Shoes;Casual Shoes;Brown;Winter;2015;Casual;Catwalk Women  Brown Casual Shoes
57497;Men;Footwear;Shoes;Casual Shoes;Tan;Summer;2013;Formal;Lee Cooper Men Tan Shoes
3606;Men;Footwear;Shoes;Casual Shoes;Black;Winter;2015;Casual;Converse Men Black Shoes
15883;Girls;Footwear;Shoes;Casual Shoes;Pink;Winter;2013;Casual;Warner Bros Kids Girls TJ Check Skate Pink Casual Shoes
39275;Men;Footwear;Shoes;Casual Shoes;Brown;Winter;2018;Casual;Red Chief Men Brown Leather Shoes
3639;Men;Footwear;Shoes;Casual Shoes;White;Winter;2015;Casual;Fila Men's Universe HI White Shoe
7403;Men;Footwear;Shoes;Casual Shoes;Brown;Winter;2018;Casual;Red Tape Men Slip-On Brown Shoes
25420;Men;Footwear;Shoes;Casual Shoes;Black;Spring;2013;Casual;Nike Men Lite Force Black & White Shoes
2388;Men;Footwear;Shoes;Casual Shoes;Brown;Winter;2018;Casual;Red Tape Men Brown Casual Shoe
15870;Unisex;Footwear;Shoes;Casual Shoes;Blue;Spring;2013;Casual;Warner Bros Kids Unisex TJ Notebook Canvas Blue Casual Shoes
18561;Women;Footwear;Shoes;Casual Shoes;Blue;Winter;2015;Casual;Catwalk Women  Blue Casual Shoe
39272;Men;Footwear;Shoes;Casual Shoes;Olive;Winter;2018;Casual;Red Chief Men Olive Shoes
15884;Unisex;Footwear;Shoes;Casual Shoes;Brown;Winter;2013;Casual;Warner Bros Kids Unisex TJ Chase Casual Brown Casual Shoes
39616;Women;Footwear;Shoes;Casual Shoes;Yellow;Winter;2015;Casual;Catwalk Women Yellow Shoes
59939;Men;Footwear;Shoes;Casual Shoes;Blue;Spring;2013;Casual;Vans Men Blue Casual Shoes
33511;Women;Footwear;Shoes;Casual Shoes;Teal;Summer;2016;Casual;Cobblerz Women Teal Green Boots
58818;Women;Footwear;Shoes;Casual Shoes;Black;Spring;2013;Casual;Skechers Women Black Casual Shoes
56723;Men;Footwear;Shoes;Casual Shoes;Blue;Summer;2014;Casual;Converse Men Blue CT Boat Pipe Ox Casual Shoes
47235;Men;Footwear;Shoes;Casual Shoes;Black;Summer;2013;Casual;Playboy Men Black Casual Shoes
51350;Men;Footwear;Shoes;Casual Shoes;Navy Blue;Summer;2014;Casual;Converse Men Navy Casual Shoes
8247;Unisex;Footwear;Shoes;Casual Shoes;Black;Fall;2013;Casual;Converse Unisex Mono Black Canvas
11825;Men;Footwear;Shoes;Casual Shoes;Green;Summer;2013;Casual;Playboy Men Casual Green Casual Shoes
23913;Men;Footwear;Shoes;Casual Shoes;Black;Winter;2015;Casual;Fila Men Cicadeo Black Casual Shoes
4441;Unisex;Footwear;Shoes;Casual Shoes;White;Fall;2013;Casual;Converse Unisex Canvas Hi White Shoe
22832;Men;Footwear;Shoes;Casual Shoes;Brown;Summer;2016;Casual;Woodland Men Brown Shoes
58816;Women;Footwear;Shoes;Casual Shoes;Purple;Spring;2013;Casual;Skechers Women Purple Casual Shoes
36431;Men;Footwear;Shoes;Casual Shoes;Beige;Spring;2013;Casual;Spinn Men Castro Beige Shoes
39273;Men;Footwear;Shoes;Casual Shoes;Khaki;Winter;2018;Casual;Red Chief Men Khaki Shoes
11841;Men;Footwear;Shoes;Casual Shoes;Brown;Summer;2013;Casual;Playboy Men Casual Brown Casual Shoes
2389;Men;Footwear;Shoes;Casual Shoes;White;Winter;2018;Casual;Red Tape Men Casual White Shoe
35678;Men;Footwear;Shoes;Casual Shoes;Brown;Summer;2013;Casual;U.S. Polo Assn. Men Brown Shoes
44411;Men;Footwear;Shoes;Casual Shoes;Brown;Winter;2018;Casual;Red Tape Men Brown Shoes
7405;Men;Footwear;Shoes;Casual Shoes;Black;Winter;2018;Casual;Red Tape Men Grey Casual Shoes
39280;Men;Footwear;Shoes;Casual Shoes;Tan;Summer;2018;Casual;Red Chief Men Tan Casual Shoes
39274;Men;Footwear;Shoes;Casual Shoes;Tan;Winter;2018;Casual;Red Chief Men Tan Shoes
15882;Unisex;Footwear;Shoes;Casual Shoes;Black;Winter;2013;Casual;Warner Bros Kids Unisex TJ Check Skate Black Casual Shoes
39289;Men;Footwear;Shoes;Casual Shoes;Black;Winter;2018;Casual;Red Chief Men Black Shoes
2387;Men;Footwear;Shoes;Casual Shoes;Black;Winter;2018;Casual;Red Tape Men Casual Black Shoe
47632;Women;Footwear;Shoes;Casual Shoes;Red;Spring;2013;Casual;Carlton London Women Red Shoes
33111;Women;Footwear;Shoes;Casual Shoes;Yellow;Winter;2015;Casual;Catwalk Women Yellow Casual Shoes
5700;Men;Footwear;Shoes;Casual Shoes;Black;Winter;2015;Casual;Skechers Men's Casual Black Taupe Shoe
44418;Men;Footwear;Shoes;Casual Shoes;Brown;Winter;2018;Casual;Red Tape Men Brown Shoes
5707;Men;Footwear;Shoes;Casual Shoes;Green;Winter;2015;Casual;Skechers Men's Shaver-Towing Charcoal Shoe
44420;Men;Footwear;Shoes;Casual Shoes;Brown;Winter;2018;Casual;Red Tape Men Brown Leather Shoes
35685;Men;Footwear;Shoes;Casual Shoes;Navy Blue;Summer;2013;Casual;U.S. Polo Assn. Men Navy Blue Shoes
36464;Men;Footwear;Shoes;Casual Shoes;White;Spring;2013;Casual;Spinn Men Viking White Shoes
2374;Men;Footwear;Shoes;Casual Shoes;Brown;Winter;2018;Casual;Red Tape Semi Casual Men's Shoe
22858;Men;Footwear;Shoes;Casual Shoes;Brown;Summer;2016;Casual;Woodland Men Camel Casual Shoes
2380;Men;Footwear;Shoes;Casual Shoes;Black;Winter;2018;Casual;Red Tape Black Men Semi Casual Shoe
6344;Men;Footwear;Shoes;Casual Shoes;Black;Summer;2014;Casual;Converse Men Black CT Lace Color Hi Canvas Shoes
35671;Men;Footwear;Shoes;Casual Shoes;Blue;Spring;2013;Casual;U.S. Polo Assn. Men Blue Boat Shoes
39245;Men;Footwear;Shoes;Casual Shoes;Brown;Winter;2018;Casual;Red Chief Men Brown Shoes
22833;Men;Footwear;Shoes;Casual Shoes;Olive;Summer;2016;Casual;Woodland Men Olive Green Casual Shoes
11823;Men;Footwear;Shoes;Casual Shoes;Green;Summer;2013;Casual;Playboy Men Casual Green Casual Shoes
50279;Men;Footwear;Shoes;Casual Shoes;Navy Blue;Summer;2013;Casual;Arrow Men Navy Blue Shoes
58817;Women;Footwear;Shoes;Casual Shoes;Beige;Spring;2013;Casual;Skechers Women Beige Casual Shoes
34531;Men;Footwear;Shoes;Casual Shoes;Black;Winter;2018;Casual;Red Tape Men Black Shoes
3808;Men;Footwear;Shoes;Casual Shoes;Navy Blue;Spring;2014;Casual;Converse Men Navy Chuck Taylor All Star Canvas Shoes
6317;Women;Footwear;Shoes;Casual Shoes;Pink;Winter;2015;Casual;Catwalk Pink Slip-On Shoe
36437;Men;Footwear;Shoes;Casual Shoes;White;Spring;2013;Casual;Spinn Men Crome White Shoes
11815;Men;Footwear;Shoes;Casual Shoes;Black;Summer;2013;Casual;Playboy Men Casual Black Casual Shoes
59938;Men;Footwear;Shoes;Casual Shoes;Black;Spring;2013;Casual;Vans Men Black Casual Shoes
33510;Women;Footwear;Shoes;Casual Shoes;Beige;Summer;2016;Casual;Cobblerz Women Beige Boots
17055;Men;Footwear;Shoes;Casual Shoes;Grey;Summer;2013;Casual;Gas Men Count Casual Shoe
15366;Men;Footwear;Shoes;Casual Shoes;Grey;Winter;2018;Casual;Red Tape Men Grey Shoes
39990;Men;Footwear;Shoes;Casual Shoes;White;Summer;2013;Casual;Gas Men Skate White Shoes
45624;Men;Footwear;Shoes;Casual Shoes;Black;Winter;2018;Casual;Red Tape Men Black Shoes
39964;Men;Footwear;Shoes;Casual Shoes;Brown;Spring;2013;Casual;GAS Men Brown Brixton Casual Shoes
12518;Men;Footwear;Shoes;Casual Shoes;Brown;Winter;2018;Casual;Red Tape Men Casual Brown Casual Shoes
45623;Men;Footwear;Shoes;Casual Shoes;Brown;Winter;2018;Casual;Red Tape Men Brown Shoes
10613;Women;Footwear;Shoes;Casual Shoes;White;Spring;2013;Casual;Carlton London Women Casual White Casual Shoes
9815;Men;Footwear;Shoes;Casual Shoes;Black;Spring;2013;Casual;Converse Men As Sketch Hi Black Casual Shoes
12520;Men;Footwear;Shoes;Casual Shoes;Black;Winter;2018;Casual;Red Tape Men Black Shoes
26527;Men;Footwear;Shoes;Casual Shoes;Red;Spring;2013;Casual;Gas Men Freetime Red Casual Shoes
31552;Men;Footwear;Shoes;Casual Shoes;Black;Winter;2016;Casual;Woodland Men Black Casual Shoes
15368;Men;Footwear;Shoes;Casual Shoes;Brown;Winter;2018;Casual;Red Tape Men Casual Brown Casual Shoes
12511;Men;Footwear;Shoes;Casual Shoes;Brown;Winter;2018;Casual;Red Tape Men Casual Brown Casual Shoes
50750;Men;Footwear;Shoes;Casual Shoes;Brown;Summer;2018;Casual;Red Chief Men Brown Shoes
26529;Men;Footwear;Shoes;Casual Shoes;Brown;Summer;2013;Casual;Gas Men Aishley Brown Casual Shoes
39595;Women;Footwear;Shoes;Casual Shoes;Blue;Winter;2015;Casual;Catwalk Women Blue Shoes
3549;Men;Footwear;Shoes;Casual Shoes;White;Winter;2015;Casual;Skechers Men's Off White Lifestyle Shoe
20814;Men;Footwear;Shoes;Casual Shoes;White;Winter;2018;Casual;Redtape Men Sporty Look White Casual Shoe
39939;Men;Footwear;Shoes;Casual Shoes;White;Spring;2013;Casual;Gas Men Venetian White Shoes
5681;Men;Footwear;Shoes;Casual Shoes;Brown;Winter;2015;Casual;Skechers Men's Compelling Dexterity Fudge Brown Shoe
17037;Men;Footwear;Shoes;Casual Shoes;Grey;Summer;2013;Casual;GAS Men Grey & Brown Caddy Sneakers
6494;Men;Footwear;Shoes;Casual Shoes;Brown;Winter;2018;Casual;Red Tape Men Brown Leather Shoe
20813;Men;Footwear;Shoes;Casual Shoes;Brown;Winter;2018;Casual;Red Tape Men Casual Brown Shoes
24649;Men;Footwear;Shoes;Casual Shoes;Black;Summer;2013;Casual;Converse Men's As Canvas Hi Black Denim Shoes
17659;Women;Footwear;Shoes;Casual Shoes;Brown;Winter;2015;Casual;Catwalk Women Ballerina Brown Casual Shoe
3585;Men;Footwear;Shoes;Casual Shoes;Black;Summer;2013;Casual;Converse Men's All Star Canvas Ox Black Shoe
5686;Men;Footwear;Shoes;Casual Shoes;Black;Winter;2015;Casual;Skechers Men Regions Black Shoe
39306;Men;Footwear;Shoes;Casual Shoes;Black;Winter;2018;Casual;Red Chief Men Black Casual Shoes
20825;Men;Footwear;Shoes;Casual Shoes;White;Winter;2018;Casual;Red Tape Men Casual White Shoes
19365;Men;Footwear;Shoes;Casual Shoes;Tan;Winter;2018;Casual;Redtape Men Calcullas Tan Casual Shoes
17039;Men;Footwear;Shoes;Casual Shoes;White;Summer;2013;Casual;Gas Men Skate 001 Casual Shoe
7321;Men;Footwear;Shoes;Casual Shoes;Brown;Winter;2018;Casual;Red Tape Men's Brown Shoe
3547;Men;Footwear;Shoes;Casual Shoes;Black;Winter;2015;Casual;Skechers Men's Lifestyle Black Shoe
4134;Men;Footwear;Shoes;Casual Shoes;Navy Blue;Winter;2015;Casual;Skechers Men's Sparta Navy Black Shoe
5688;Men;Footwear;Shoes;Casual Shoes;Brown;Winter;2015;Casual;Skechers Men Torino Dark Brown Shoe
15903;Unisex;Footwear;Shoes;Casual Shoes;White;Winter;2013;Casual;Warner Bros Kids Unisex TJ Stud Sandal White Casual Shoes
39301;Men;Footwear;Shoes;Casual Shoes;Brown;Winter;2018;Casual;Red Chief Men Brown Shoes
4133;Men;Footwear;Shoes;Casual Shoes;White;Winter;2015;Casual;Skechers Men's Sparta White Shoe
50751;Men;Footwear;Shoes;Casual Shoes;Mushroom Brown;Winter;2018;Casual;Red Chief Men Mushroom Brown Shoes
23091;Men;Footwear;Shoes;Casual Shoes;Black;Summer;2013;Casual;Converse Men Oxford Black Casual Shoes
31554;Men;Footwear;Shoes;Casual Shoes;Khaki;Summer;2016;Casual;Woodland Men Khaki Casual Shoes
32741;Men;Footwear;Shoes;Casual Shoes;Brown;Summer;2013;Casual;Fila Men Calve Brown Casual Shoes
35564;Men;Footwear;Shoes;Casual Shoes;Black;Summer;2013;Casual;Arrow Men Black Shoes
12510;Men;Footwear;Shoes;Casual Shoes;Grey;Winter;2018;Casual;Red Tape Men Casual Grey Casual Shoes
24072;Women;Footwear;Shoes;Casual Shoes;Grey;Winter;2015;Casual;Catwalk Women Grey Casual Shoes
31553;Men;Footwear;Shoes;Casual Shoes;Brown;Winter;2016;Casual;Woodland Men Brown Casual Shoes
24081;Women;Footwear;Shoes;Casual Shoes;Red;Winter;2015;Casual;Catwalk Women Red Casual Shoes
26526;Men;Footwear;Shoes;Casual Shoes;Black;Spring;2013;Casual;Gas Men Freetime Black Casual Shoes
7374;Men;Footwear;Shoes;Casual Shoes;Brown;Winter;2018;Casual;Red Tape Men's Stone Casual Shoe
39965;Men;Footwear;Shoes;Casual Shoes;Navy Blue;Spring;2013;Casual;GAS Men Navy Blue Brixton Casual Shoes
45625;Men;Footwear;Shoes;Casual Shoes;Brown;Winter;2018;Casual;Red Tape Men Brown Shoes
39991;Men;Footwear;Shoes;Casual Shoes;Brown;Summer;2013;Casual;Gas Men Romance Brown Shoes
15358;Men;Footwear;Shoes;Casual Shoes;Brown;Winter;2018;Casual;Red Tape Men Casual Brown Casual Shoes
24249;Men;Footwear;Shoes;Casual Shoes;Black;Summer;2013;Casual;Numero Uno Men Black Casual Shoes
12519;Men;Footwear;Shoes;Casual Shoes;Beige;Winter;2018;Casual;Red Tape Men Beige Shoes
39300;Men;Footwear;Shoes;Casual Shoes;Brown;Winter;2018;Casual;Red Chief Men Brown Shoes
17669;Women;Footwear;Shoes;Casual Shoes;Blue;Winter;2015;Casual;Catwalk Women Closed Blue Casual Shoe
5689;Men;Footwear;Shoes;Casual Shoes;Black;Winter;2015;Casual;Skechers Men's Liquid Roggers Black Shoe
7327;Men;Footwear;Shoes;Casual Shoes;Black;Winter;2018;Casual;Red Tape Men's Casual Black Shoe
6201;Men;Footwear;Shoes;Casual Shoes;Black;Winter;2015;Casual;Skechers Men Black Shoes
17038;Men;Footwear;Shoes;Casual Shoes;White;Summer;2013;Casual;Gas Men Draw Casual Shoe
39307;Men;Footwear;Shoes;Casual Shoes;Black;Winter;2018;Casual;Red Chief Men Black Shoes
19364;Men;Footwear;Shoes;Casual Shoes;Black;Winter;2018;Casual;Redtape Men Calcullas Black Casual Shoes
3546;Men;Footwear;Shoes;Casual Shoes;Black;Winter;2015;Casual;Skechers Men's Black Lifestyle Shoe
4135;Men;Footwear;Shoes;Casual Shoes;Black;Winter;2015;Casual;Skechers Men's Sparta Black Brown Shoe
39593;Women;Footwear;Shoes;Casual Shoes;White;Winter;2015;Casual;Catwalk Women White Shoes
57518;Men;Footwear;Shoes;Casual Shoes;Tan;Summer;2013;Smart Casual;Provogue Men Tan Brown Leather Casual Shoes
34081;Men;Footwear;Shoes;Casual Shoes;Brown;Summer;2016;Casual;Clarks Men Brown Nature Three Mahogany Leather Casual Shoes
17667;Women;Footwear;Shoes;Casual Shoes;Black;Winter;2015;Casual;Catwalk Women Buckel Black Casual Shoe
5687;Men;Footwear;Shoes;Casual Shoes;Brown;Winter;2015;Casual;Skechers Men's Traffics Brown Shoe
5673;Men;Footwear;Shoes;Casual Shoes;Black;Winter;2015;Casual;Skechers Men's Icurbantrack Solver Black Shoe
20815;Men;Footwear;Shoes;Casual Shoes;Grey;Winter;2018;Casual;Red Tape Men Casual Grey Shoes
6495;Men;Footwear;Shoes;Casual Shoes;Black;Winter;2018;Casual;Red Tape Men's Casual Black Grey Shoe
5674;Men;Footwear;Shoes;Casual Shoes;Brown;Winter;2015;Casual;Skechers Men's Icurbantrack Solver Dark Grey Shoe
39309;Men;Footwear;Shoes;Casual Shoes;Brown;Winter;2018;Casual;Red Chief Men Brown Shoes
5680;Men;Footwear;Shoes;Casual Shoes;Black;Winter;2015;Casual;Skechers Men's Compelling Desterity Black Shoe
47110;Boys;Footwear;Shoes;Casual Shoes;Blue;Spring;2013;Casual;Marvel Boys Blue & Red Spiderman Shoes
17660;Women;Footwear;Shoes;Casual Shoes;Brown;Winter;2015;Casual;Catwalk Women Ballerina Brown Casual Shoe
17036;Men;Footwear;Shoes;Casual Shoes;White;Summer;2013;Casual;Gas Men Caddy Casual Shoe
